,id,knownName.en,orgName.en,gender,birth.date,birth.place.country.en
0,745,A. Michael Spence,,male,1943-00-00,USA
1,102,Aage N. Bohr,,male,1922-06-19,Denmark
2,779,Aaron Ciechanover,,male,1947-10-01,British Protectorate of Palestine
3,259,Aaron Klug,,male,1926-08-11,Lithuania
4,114,Abdus Salam,,male,1926-01-29,India
5,982,Abhijit Banerjee,,male,1961-02-21,India
6,981,Abiy Ahmed Ali,,male,1976-08-15,Ethiopia
7,843,Ada E. Yonath,,female,1939-06-22,British Mandate of Palestine
8,866,Adam G. Riess,,male,1969-12-16,USA
9,199,Adolf Butenandt,,male,1903-03-24,Germany
10,164,Adolf von Baeyer,,male,1835-10-31,Prussia
11,185,Adolf Windaus,,male,1876-12-25,Germany
12,541,Adolfo Pérez Esquivel,,male,1931-11-26,Argentina
13,292,Ahmed Zewail,,male,1946-02-26,Egypt
14,853,Akira Suzuki,,male,1930-09-12,Japan
15,978,Akira Yoshino,,male,1948-01-30,Japan
16,819,Al Gore,,male,1948-03-31,USA
17,729,Alan Heeger,,male,1936-01-22,USA
18,376,Alan Hodgkin,,male,1914-02-05,United Kingdom
19,730,Alan MacDiarmid,,male,1927-04-14,New Zealand
20,11,Albert A. Michelson,,male,1852-12-19,Prussia
21,628,Albert Camus,,male,1913-11-07,French Algeria
22,403,Albert Claude,,male,1898-08-24,Belgium
23,26,Albert Einstein,,male,1879-03-14,Germany
24,814,Albert Fert,,male,1938-03-07,France
25,465,Albert Gobat,,male,1843-05-21,Switzerland
26,519,Albert Luthuli,,male,1898-00-00,Southern Rhodesia
27,513,Albert Schweitzer,,male,1875-01-14,Germany
28,332,Albert Szent-Györgyi,,male,1893-09-16,Austria-Hungary
29,304,Albrecht Kossel,,male,1853-09-16,Mecklenburg
30,83,Aleksandr M. Prokhorov,,male,1916-07-11,Australia
31,644,Alexandr Solzhenitsyn,,male,1918-12-11,Russia
32,766,Alexei Abrikosov,,male,1928-06-25,USSR
33,306,Alexis Carrel,,male,1873-06-28,France
34,544,Alfonso García Robles,,male,1911-03-20,Mexico
35,392,Alfred D. Hershey,,male,1908-12-04,USA
36,479,Alfred Fried,,male,1864-11-11,Austria
37,450,Alfred G. Gilman,,male,1941-07-01,USA
38,87,Alfred Kastler,,male,1902-05-03,Germany
39,174,Alfred Werner,,male,1866-12-12,France
40,892,Alice Munro,,female,1931-07-10,Canada
41,417,Allan M. Cormack,,male,1924-02-23,South Africa
42,305,Allvar Gullstrand,,male,1862-06-05,Sweden
43,300,Alphonse Laveran,,male,1845-06-18,France
44,543,Alva Myrdal,,female,1902-01-31,Sweden
45,882,Alvin E. Roth,,male,1951-12-18,USA
46,719,Amartya Sen,,male,1933-11-03,India
47,509,American Friends Service Committee,American Friends Service Committee,,,
48,537,Amnesty International,Amnesty International,,,
49,590,Anatole France,,male,1844-04-16,France
50,360,André F. Cournand,,male,1895-09-24,France
51,849,Andre Geim,,male,1958-10-21,Russia
52,618,André Gide,,male,1869-11-22,France
53,381,André Lwoff,,male,1902-05-08,France
54,534,Andrei Sakharov,,male,1921-05-21,Russia
55,377,Andrew Huxley,,male,1917-11-22,United Kingdom
56,412,Andrew V. Schally,,male,1926-11-30,Poland
57,802,Andrew Z. Fire,,male,1959-04-27,USA
58,926,Angus Deaton,,male,1945-10-19,Scotland
59,768,Anthony J. Leggett,,male,1938-03-26,United Kingdom
60,101,Antony Hewish,,male,1924-05-11,United Kingdom
61,538,Anwar al-Sadat,,male,1918-12-25,Egypt
62,214,Archer J.P. Martin,,male,1910-03-01,United Kingdom
63,311,Archibald V. Hill,,male,1886-09-26,United Kingdom
64,891,Arieh Warshel,,male,1940-11-20,British Mandate of Palestine
65,490,Aristide Briand,,male,1862-03-28,France
66,208,Arne Tiselius,,male,1902-08-10,Sweden
67,111,Arno Penzias,,male,1933-04-26,Germany
68,960,Arthur Ashkin,,male,1922-09-02,USA
69,920,Arthur B. McDonald,,male,1943-08-29,Canada
70,33,Arthur H. Compton,,male,1892-09-10,USA
71,186,Arthur Harden,,male,1865-10-12,United Kingdom
72,499,Arthur Henderson,,male,1863-09-13,Scotland
73,368,Arthur Kornberg,,male,1918-03-03,USA
74,119,Arthur L. Schawlow,,male,1921-05-05,USA
75,203,Artturi Virtanen,,male,1895-01-15,Russian Empire
76,722,Arvid Carlsson,,male,1923-01-25,Sweden
77,310,August Krogh,,male,1874-11-15,Denmark
78,475,Auguste Beernaert,,male,1829-07-26,Belgium
79,553,Aung San Suu Kyi ,,female,1945-06-19,Burma
80,780,Avram Hershko,,male,1937-12-31,Hungary
81,923,Aziz Sancar,,male,1946-09-08,Turkey
82,845,Barack H. Obama,,male,1961-08-04,USA
83,428,Barbara McClintock,,female,1902-06-16,USA
84,942,Barry C. Barish,,male,1936-01-27,USA
85,789,Barry J. Marshall,,male,1951-09-30,Australia
86,743,Barry Sharpless,,male,1941-04-28,USA
87,409,Baruch S. Blumberg,,male,1925-07-28,USA
88,419,Baruj Benacerraf,,male,1920-10-29,Venezuela
89,103,Ben R. Mottelson,,male,1926-07-09,USA
90,936,Bengt Holmström,,male,1949-04-18,Finland
91,426,Bengt I. Samuelsson,,male,1934-05-21,Sweden
92,933,Bernard L. Feringa,,male,1951-05-18,the Netherlands
93,345,Bernardo Houssay,,male,1887-04-10,Argentina
94,445,Bert Sakmann,,male,1942-06-12,Germany
95,468,Bertha von Suttner,,female,1843-06-09,Austrian Empire
96,689,Bertil Ohlin,,male,1899-04-23,Sweden
97,145,Bertram N. Brockhouse,,male,1918-07-15,Canada
98,621,Bertrand Russell,,male,1872-05-18,United Kingdom
99,535,Betty Williams,,female,1943-05-22,Northern Ireland
100,572,Bjørnstjerne Bjørnson,,male,1832-12-08,Norway
101,937,Bob Dylan,,male,1941-05-24,USA
102,629,Boris Pasternak,,male,1890-02-10,Russia
103,99,Brian D. Josephson,,male,1940-01-04,United Kingdom
104,879,Brian Kobilka,,male,1955-05-30,USA
105,865,Brian P. Schmidt,,male,1967-02-24,USA
106,861,Bruce A. Beutler,,male,1957-12-29,USA
107,261,Bruce Merrifield,,male,1921-07-15,USA
108,105,Burton Richter,,male,1931-03-22,USA
109,34,C.T.R. Wilson,,male,1869-02-14,Scotland
110,298,Camillo Golgi,,male,1843-07-07,Italy
111,666,Camilo José Cela,,male,1916-05-11,Spain
112,189,Carl Bosch,,male,1874-08-27,Germany
113,343,Carl Cori,,male,1896-12-05,Austria-Hungary
114,43,Carl D. Anderson,,male,1905-09-03,USA
115,588,Carl Spitteler,,male,1845-04-24,Switzerland
116,500,Carl von Ossietzky,,male,1889-10-03,Germany
117,740,Carl Wieman,,male,1951-03-26,USA
118,124,Carlo Rubbia,,male,1934-03-31,Italy
119,562,Carlos Filipe Ximenes Belo,,male,1948-02-03,East Timor
120,501,Carlos Saavedra Lamas,,male,1878-11-01,Argentina
121,836,Carol W. Greider,,female,1961-04-15,USA
122,55,Cecil Powell,,male,1903-12-05,United Kingdom
123,431,César Milstein,,male,1927-10-08,Argentina
124,384,Charles B. Huggins,,male,1901-09-22,Canada
125,25,Charles Edouard Guillaume,,male,1861-02-15,Switzerland
126,489,Charles G. Dawes,,male,1865-08-27,USA
127,22,Charles Glover Barkla,,male,1877-06-07,United Kingdom
128,81,Charles H. Townes,,male,1915-07-28,USA
129,269,Charles J. Pedersen,,male,1904-10-03,Korea
130,838,Charles K. Kao,,male,1933-11-04,China
131,318,Charles Nicolle,,male,1866-09-21,France
132,307,Charles Richet,,male,1850-08-26,France
133,68,Chen Ning Yang,,male,1922-09-22,China
134,319,Christiaan Eijkman,,male,1858-08-11,the Netherlands
135,241,Christian Anfinsen,,male,1916-03-26,USA
136,404,Christian de Duve,,male,1917-10-02,United Kingdom
137,486,Christian Lange,,male,1869-09-17,Norway
138,453,Christiane Nüsslein-Volhard,,female,1942-10-20,Germany
139,858,Christopher A. Pissarides,,male,1948-02-20,Cyprus
140,873,Christopher A. Sims,,male,1942-10-21,USA
141,153,Claude Cohen-Tannoudji,,male,1933-04-01,French Algeria
142,662,Claude Simon,,male,1913-10-10,Madagascar
143,146,Clifford G. Shull,,male,1915-09-23,USA
144,44,Clinton Davisson,,male,1881-10-22,USA
145,772,Clive W.J. Granger,,male,1934-09-04,United Kingdom
146,505,Cordell Hull,,male,1871-10-02,USA
147,333,Corneille Heymans,,male,1892-03-28,Belgium
148,803,Craig C. Mello,,male,1960-10-19,USA
149,657,Czeslaw Milosz,,male,1911-06-30,Russian Empire
150,410,D. Carleton Gajdusek,,male,1923-09-09,USA
151,520,Dag Hammarskjöld,,male,1905-07-29,Sweden
152,857,Dale T. Mortensen,,male,1939-02-02,USA
153,867,Dan Shechtman,,male,1941-01-24,British Mandate of Palestine
154,363,Daniel Bovet,,male,1907-03-23,Switzerland
155,157,Daniel C. Tsui,,male,1939-02-28,China
156,759,Daniel Kahneman,,male,1934-03-05,British Mandate of Palestine
157,733,Daniel L. McFadden,,male,1937-07-29,USA
158,415,Daniel Nathans,,male,1928-10-30,USA
159,674,Dario Fo,,male,1926-03-24,Italy
160,406,David Baltimore,,male,1938-03-07,USA
161,423,David H. Hubel,,male,1926-02-27,Canada
162,776,David J. Gross,,male,1941-02-19,USA
163,928,David J. Thouless,,male,1934-09-21,United Kingdom
164,877,David J. Wineland,,male,1944-02-24,USA
165,149,David M. Lee,,male,1931-01-20,USA
166,567,David Trimble,,male,1944-10-15,Northern Ireland
167,966,Denis Mukwege,,male,1955-03-01,Belgian Congo
168,93,Dennis Gabor,,male,1900-06-05,Hungary
169,237,Derek Barton,,male,1918-09-08,United Kingdom
170,669,Derek Walcott,,male,1930-01-23,Saint Lucia
171,546,Desmond Tutu,,male,1931-10-07,South Africa
172,362,Dickinson W. Richards,,male,1895-10-30,USA
173,975,Didier Queloz,,male,1966-02-23,Switzerland
174,74,Donald A. Glaser,,male,1926-09-21,USA
175,267,Donald J. Cram,,male,1919-04-22,USA
176,962,Donna Strickland,,female,1959-05-27,Canada
177,817,Doris Lessing,,female,1919-10-22,Persia
178,230,Dorothy Crowfoot Hodgkin,,female,1910-05-12,Egypt
179,150,Douglas D. Osheroff,,male,1945-08-01,USA
180,710,Douglass C. North,,male,1920-11-05,USA
181,264,Dudley R. Herschbach,,male,1932-06-18,USA
182,443,E. Donnall Thomas,,male,1920-03-15,USA
183,59,E. M. Purcell,,male,1912-08-30,USA
184,397,"Earl W. Sutherland, Jr.",,male,1915-11-19,USA
185,324,Edgar Adrian,,male,1889-11-30,United Kingdom
186,446,Edmond H. Fischer,,male,1920-04-06,China
187,807,Edmund S. Phelps,,male,1933-07-26,USA
188,166,Eduard Buchner,,male,1860-05-20,Bavaria
189,905,Edvard I. Moser,,male,1962-04-27,Norway
190,336,Edward A. Doisy,,male,1893-11-13,USA
191,452,Edward B. Lewis,,male,1918-05-20,USA
192,349,Edward C. Kendall,,male,1886-03-08,USA
193,787,Edward C. Prescott,,male,1940-12-26,USA
194,365,Edward Tatum,,male,1909-12-14,USA
195,52,Edward V. Appleton,,male,1892-09-06,United Kingdom
196,447,Edwin G. Krebs,,male,1918-06-06,USA
197,212,Edwin M. McMillan,,male,1907-09-18,USA
198,348,Egas Moniz,,male,1874-11-29,Portugal
199,852,Ei-ichi Negishi,,male,1935-07-14,China
200,533,Eisaku Sato,,male,1901-03-27,Japan
201,782,Elfriede Jelinek,,female,1946-10-20,Austria
202,658,Elias Canetti,,male,1905-07-25,Bulgaria
203,275,Elias James Corey,,male,1928-07-12,USA
204,464,Élie Ducommun,,male,1833-02-19,Switzerland
205,548,Elie Wiesel,,male,1928-09-30,Romania
206,480,Elihu Root,,male,1845-02-15,USA
207,846,Elinor Ostrom,,female,1933-08-07,USA
208,835,Elizabeth H. Blackburn,,female,1948-11-26,Australia
209,869,Ellen Johnson Sirleaf,,female,1938-10-29,Liberia
210,161,Emil Fischer,,male,1852-10-09,Prussia
211,293,Emil von Behring,,male,1854-03-15,Prussia
212,72,Emilio Segrè,,male,1905-02-01,Italy
213,506,Emily Greene Balch,,female,1867-01-08,USA
214,46,Enrico Fermi,,male,1901-09-29,Italy
215,909,Eric Betzig,,male,1960-01-13,USA
216,738,Eric Cornell,,male,1961-12-19,USA
217,454,Eric F. Wieschaus,,male,1947-06-08,USA
218,724,Eric Kandel,,male,1929-11-07,Austria
219,821,Eric S. Maskin,,male,1950-12-12,USA
220,604,Erik Axel Karlfeldt,,male,1864-07-20,Sweden
221,625,Ernest Hemingway,,male,1899-07-21,USA
222,47,Ernest Lawrence,,male,1901-08-08,USA
223,167,Ernest Rutherford,,male,1871-08-30,New Zealand
224,57,Ernest T.S. Walton,,male,1903-10-06,Ireland
225,471,Ernesto Teodoro Moneta,,male,1833-09-20,Austrian Empire
226,340,Ernst B. Chain,,male,1906-06-19,Germany
227,244,Ernst Otto Fischer,,male,1918-11-10,Germany
228,127,Ernst Ruska,,male,1906-12-25,Germany
229,444,Erwin Neher,,male,1944-03-20,Germany
230,39,Erwin Schrödinger,,male,1887-08-12,Austria
231,983,Esther Duflo,,female,1972-10-25,France
232,894,Eugene F. Fama,,male,1939-02-14,USA
233,608,Eugene O'Neill,,male,1888-10-16,USA
234,78,Eugene Wigner,,male,1902-11-17,Austria-Hungary
235,651,Eugenio Montale,,male,1896-10-12,Italy
236,881,European Union (EU),European Union (EU),,,
237,649,Eyvind Johnson,,male,1900-07-29,Sweden
238,929,F. Duncan M. Haldane,,male,1951-09-14,United Kingdom
239,283,F. Sherwood Rowland,,male,1927-06-28,USA
240,556,F.W. de Klerk,,male,1936-03-18,South Africa
241,58,Felix Bloch,,male,1905-10-23,Switzerland
242,379,Feodor Lynen,,male,1911-04-06,Germany
243,14,Ferdinand Braun,,male,1850-06-06,Hesse-Kassel
244,492,Ferdinand Buisson,,male,1841-12-20,France
245,460,Ferid Murad,,male,1936-09-14,USA
246,786,Finn E. Kydland,,male,1943-12-01,Norway
247,963,Frances H. Arnold,,female,1956-07-25,USA
248,372,Francis Crick,,male,1916-06-08,United Kingdom
249,180,Francis W. Aston,,male,1877-09-01,United Kingdom
250,699,Franco Modigliani,,male,1918-06-18,Italy
251,887,François Englert,,male,1932-11-06,Belgium
252,380,François Jacob,,male,1920-06-17,France
253,623,François Mauriac,,male,1885-10-11,France
254,824,Françoise Barré-Sinoussi,,female,1947-07-30,France
255,494,Frank B. Kellogg,,male,1856-12-22,USA
256,778,Frank Wilczek,,male,1951-05-15,USA
257,613,Frans Eemil Sillanpää,,male,1888-09-16,Russian Empire
258,193,Frédéric Joliot,,male,1900-03-19,France
259,573,Frédéric Mistral,,male,1830-09-08,France
260,463,Frédéric Passy,,male,1822-05-20,France
261,358,Frederick C. Robbins,,male,1916-08-25,USA
262,313,Frederick G. Banting,,male,1891-11-14,Canada
263,148,Frederick Reines,,male,1918-03-16,USA
264,222,Frederick Sanger,,male,1918-08-13,United Kingdom
265,179,Frederick Soddy,,male,1877-09-02,United Kingdom
266,474,Fredrik Bajer,,male,1837-04-21,Denmark
267,487,Fridtjof Nansen,,male,1861-10-10,Norway
268,190,Friedrich Bergius,,male,1884-10-11,Germany
269,685,Friedrich von Hayek,,male,1899-05-08,Austria
270,508,Friends Service Council,Friends Service Council,,,
271,60,Frits Zernike,,male,1888-07-16,the Netherlands
272,177,Fritz Haber,,male,1868-12-09,Prussia
273,355,Fritz Lipmann,,male,1899-06-12,Germany
274,181,Fritz Pregl,,male,1869-09-03,Austria-Hungary
275,659,Gabriel García Márquez,,male,1927-03-06,Colombia
276,12,Gabriel Lippmann,,male,1845-08-16,Luxembourg
277,615,Gabriela Mistral,,female,1889-04-07,Chile
278,734,Gao Xingjian,,male,1940-01-04,China
279,708,Gary Becker,,male,1930-12-02,USA
280,245,Geoffrey Wilkinson,,male,1921-07-14,United Kingdom
281,371,Georg von Békésy,,male,1899-06-03,Hungary
282,253,Georg Wittig,,male,1897-06-16,Germany
283,744,George A. Akerlof,,male,1940-06-17,USA
284,280,George A. Olah,,male,1927-05-22,Hungary
285,364,George Beadle,,male,1903-10-22,USA
286,596,George Bernard Shaw,,male,1856-07-26,Ireland
287,514,George C. Marshall,,male,1880-12-31,USA
288,421,George D. Snell,,male,1903-12-19,USA
289,201,George de Hevesy,,male,1885-08-01,Austria-Hungary
290,405,George E. Palade,,male,1912-11-19,Romania
291,840,George E. Smith,,male,1930-05-10,USA
292,805,George F. Smoot,,male,1945-02-20,USA
293,439,George H. Hitchings,,male,1905-04-18,USA
294,326,George H. Whipple,,male,1878-08-28,USA
295,696,George J. Stigler,,male,1911-01-17,USA
296,964,George P. Smith,,male,1941-03-10,USA
297,45,George Paget Thomson,,male,1892-05-03,United Kingdom
298,235,George Porter,,male,1920-12-06,United Kingdom
299,327,George R. Minot,,male,1885-12-02,USA
300,387,George Wald,,male,1906-11-18,USA
301,142,Georges Charpak,,male,1924-08-01,Poland
302,430,Georges J.F. Köhler,,male,1946-04-17,Germany
303,517,Georges Pire,,male,1910-02-10,Belgium
304,398,Gerald M. Edelman,,male,1929-07-01,USA
305,697,Gerard Debreu,,male,1921-07-04,France
306,961,Gérard Mourou,,male,1944-06-22,France
307,158,Gerardus 't Hooft,,male,1946-07-05,the Netherlands
308,128,Gerd Binnig,,male,1947-07-20,West Germany
309,334,Gerhard Domagk,,male,1895-10-30,Germany
310,816,Gerhard Ertl,,male,1936-10-10,Germany
311,240,Gerhard Herzberg,,male,1904-12-25,Germany
312,582,Gerhart Hauptmann,,male,1862-11-15,Prussia
313,438,Gertrude B. Elion,,female,1918-01-23,USA
314,344,Gerty Cori,,female,1896-08-15,Austria-Hungary
315,635,Giorgos Seferis,,male,1900-03-13,Ottoman Empire
316,576,Giosuè Carducci,,male,1835-07-27,Tuscany
317,229,Giulio Natta,,male,1903-02-26,Italy
318,213,Glenn T. Seaborg,,male,1912-04-19,USA
319,418,Godfrey N. Hounsfield,,male,1919-08-28,United Kingdom
320,810,Grameen Bank,Grameen Bank,,,
321,597,Grazia Deledda,,female,1871-09-27,Italy
322,972,Gregg L. Semenza,,male,1956-07-12,USA
323,13,Guglielmo Marconi,,male,1874-04-25,Italy
324,684,Gunnar Myrdal,,male,1898-12-06,Sweden
325,461,Günter Blobel,,male,1936-05-21,Germany
326,676,Günter Grass,,male,1927-10-16,Free City of Danzig
327,17,Gustaf Dalén,,male,1869-11-30,Sweden
328,31,Gustav Hertz,,male,1887-07-22,Germany
329,491,Gustav Stresemann,,male,1878-05-10,Germany
330,777,H. David Politzer,,male,1949-08-31,USA
331,389,H. Gobind Khorana,,male,1922-01-09,India
332,751,H. Robert Horvitz,,male,1947-05-08,USA
333,626,Halldór Laxness,,male,1902-04-23,Iceland
334,416,Hamilton O. Smith,,male,1931-08-23,USA
335,91,Hannes Alfvén,,male,1908-05-30,Sweden
336,88,Hans Bethe,,male,1906-07-02,Germany
337,188,Hans Fischer,,male,1881-07-27,Germany
338,136,Hans G. Dehmelt,,male,1922-09-09,Prussia
339,354,Hans Krebs,,male,1900-08-25,Germany
340,329,Hans Spemann,,male,1869-06-27,Württemberg
341,187,Hans von Euler-Chelpin,,male,1873-02-15,Germany
342,823,Harald zur Hausen,,male,1936-03-11,Germany
343,192,Harold C. Urey,,male,1893-04-29,USA
344,441,Harold E. Varmus,,male,1939-12-18,USA
345,801,Harold Pinter,,male,1930-10-10,United Kingdom
346,704,Harry M. Markowitz,,male,1927-08-24,USA
347,650,Harry Martinson,,male,1904-05-06,Sweden
348,272,Hartmut Michel,,male,1948-07-18,West Germany
349,18,Heike Kamerlingh Onnes,,male,1853-09-21,the Netherlands
350,647,Heinrich Böll,,male,1917-12-21,Germany
351,129,Heinrich Rohrer,,male,1933-06-06,Switzerland
352,184,Heinrich Wieland,,male,1877-06-04,Germany
353,2,Hendrik A. Lorentz,,male,1853-07-18,the Netherlands
354,4,Henri Becquerel,,male,1852-12-15,France
355,600,Henri Bergson,,male,1859-10-18,France
356,481,Henri La Fontaine,,male,1854-04-22,Belgium
357,165,Henri Moissan,,male,1852-09-28,France
358,335,Henrik Dam,,male,1895-02-21,Denmark
359,587,Henrik Pontoppidan,,male,1857-07-24,Denmark
360,462,Henry Dunant,,male,1828-05-08,Switzerland
361,530,Henry Kissinger,,male,1923-05-27,Germany
362,260,Henry Taube,,male,1915-11-30,Canada
363,139,Henry W. Kendall,,male,1926-12-09,USA
364,575,Henryk Sienkiewicz,,male,1846-05-05,Poland
365,262,Herbert A. Hauptman,,male,1917-02-14,USA
366,252,Herbert C. Brown,,male,1912-05-22,United Kingdom
367,727,Herbert Kroemer,,male,1928-08-25,Germany
368,338,Herbert S. Gasser,,male,1888-07-05,USA
369,691,Herbert Simon,,male,1916-06-15,USA
370,617,Hermann Hesse,,male,1877-07-02,Germany
371,342,Hermann J. Muller,,male,1890-12-21,USA
372,216,Hermann Staudinger,,male,1881-03-23,Germany
373,844,Herta Müller,,female,1953-08-17,Romania
374,731,Hideki Shirakawa,,male,1936-08-20,Japan
375,54,Hideki Yukawa,,male,1907-01-23,Japan
376,907,Hiroshi Amano,,male,1960-09-11,Japan
377,485,Hjalmar Branting,,male,1860-11-23,Sweden
378,156,Horst L. Störmer,,male,1949-04-06,West Germany
379,408,Howard M. Temin,,male,1934-12-10,USA
380,359,Hugo Theorell,,male,1903-07-06,Sweden
381,71,Igor Y. Tamm,,male,1895-07-08,Russia
382,721,Il´ja M. Frank,,male,1908-10-23,Russia
383,301,Ilya Mechnikov,,male,1845-05-15,Russian Empire
384,250,Ilya Prigogine,,male,1917-01-25,Russia
385,761,Imre Kertész,,male,1929-11-09,Hungary
386,467,Institute of International Law,Institute of International Law,,,
387,818,Intergovernmental Panel on Climate Change,Intergovernmental Panel on Climate Change,,,
388,797,International Atomic Energy Agency,International Atomic Energy Agency,,,
389,948,International Campaign to Abolish Nuclear Weapons (ICAN),International Campaign to Abolish Nuclear Weapons (ICAN),,,
390,564,International Campaign to Ban Landmines,International Campaign to Ban Landmines,,,
391,482,International Committee of the Red Cross,International Committee of the Red Cross,,,
392,527,International Labour Organization,International Labour Organization,,,
393,547,International Physicians for the Prevention of Nuclear War,International Physicians for the Prevention of Nuclear War,,,
394,194,Irène Joliot-Curie,,female,1897-09-12,France
395,191,Irving Langmuir,,male,1881-01-31,USA
396,781,Irwin Rose,,male,1926-07-16,USA
397,654,Isaac Bashevis Singer,,male,1904-07-14,Russian Empire
398,906,Isamu Akasaki,,male,1929-01-30,Japan
399,49,Isidor Isaac Rabi,,male,1898-07-29,Austria-Hungary
400,606,Ivan Bunin,,male,1870-10-22,Russia
401,296,Ivan Pavlov,,male,1849-09-14,Russia
402,98,Ivar Giaever,,male,1929-04-05,Norway
403,633,Ivo Andric,,male,1892-10-10,Bosnia
404,130,J. Georg Bednorz,,male,1950-05-16,West Germany
405,80,J. Hans D. Jensen,,male,1907-06-25,Germany
406,763,J. M. Coetzee,,male,1940-02-09,South Africa
407,440,J. Michael Bishop,,male,1936-02-22,USA
408,930,J. Michael Kosterlitz,,male,1943-06-22,United Kingdom
409,790,J. Robin Warren,,male,1937-06-11,Australia
410,10,J.J. Thomson,,male,1856-12-18,United Kingdom
411,592,Jacinto Benavente,,male,1866-08-12,Spain
412,728,Jack Kilby,,male,1923-11-08,USA
413,134,Jack Steinberger,,male,1921-05-25,Germany
414,837,Jack W. Szostak,,male,1952-11-09,United Kingdom
415,160,Jacobus H. van 't Hoff,,male,1852-08-30,the Netherlands
416,944,Jacques Dubochet,,male,1942-06-08,Switzerland
417,382,Jacques Monod,,male,1910-02-09,France
418,715,James A. Mirrlees,,male,1936-07-05,Scotland
419,204,James B. Sumner,,male,1887-11-19,USA
420,41,James Chadwick,,male,1891-10-20,United Kingdom
421,116,James Cronin,,male,1931-09-29,USA
422,690,James E. Meade,,male,1907-06-23,United Kingdom
423,884,James E. Rothman,,male,1950-11-03,USA
424,30,James Franck,,male,1882-08-26,Germany
425,732,James J. Heckman,,male,1944-04-19,USA
426,700,James M. Buchanan Jr.,,male,1919-10-03,USA
427,958,James P. Allison,,male,1948-08-07,USA
428,973,James Peebles,,male,1935-04-25,Canada
429,104,James Rainwater,,male,1917-12-09,USA
430,695,James Tobin,,male,1918-03-05,USA
431,373,James Watson,,male,1928-04-06,USA
432,678,Jan Tinbergen,,male,1903-04-12,the Netherlands
433,496,Jane Addams,,female,1860-09-06,USA
434,223,Jaroslav Heyrovsky,,male,1890-12-20,Austria-Hungary
435,661,Jaroslav Seifert,,male,1901-09-23,Austria-Hungary
436,32,Jean Baptiste Perrin,,male,1870-09-30,France
437,420,Jean Dausset,,male,1916-10-19,France
438,915,Jean Tirole,,male,1953-08-09,France
439,832,Jean-Marie Gustave Le Clézio,,male,1940-04-13,France
440,268,Jean-Marie Lehn,,male,1939-09-30,France
441,637,Jean-Paul Sartre,,male,1905-06-21,France
442,931,Jean-Pierre Sauvage,,male,1944-10-21,France
443,938,Jeffrey C. Hall,,male,1945-05-03,USA
444,289,Jens C. Skou,,male,1918-10-08,Denmark
445,138,Jerome I. Friedman,,male,1930-03-28,USA
446,263,Jerome Karle,,male,1918-06-18,USA
447,762,Jimmy Carter,,male,1924-10-01,USA
448,945,Joachim Frank,,male,1940-09-12,Germany
449,565,Jody Williams,,female,1950-10-09,USA
450,270,Johann Deisenhofer,,male,1943-09-30,Germany
451,15,Johannes Diderik van der Waals,,male,1837-11-23,the Netherlands
452,316,Johannes Fibiger,,male,1867-04-23,Denmark
453,24,Johannes Stark,,male,1874-04-15,Germany
454,614,Johannes V. Jensen,,male,1873-01-20,Denmark
455,756,John B. Fenn,,male,1917-06-15,USA
456,976,John B. Goodenough,,male,1922-07-25,Germany
457,66,John Bardeen,,male,1908-05-23,USA
458,711,John C. Harsanyi,,male,1920-05-29,Hungary
459,227,John C. Kendrew,,male,1917-03-24,United Kingdom
460,804,John C. Mather,,male,1946-08-07,USA
461,266,John C. Polanyi,,male,1929-01-23,Germany
462,56,John Cockcroft,,male,1897-05-27,United Kingdom
463,247,John Cornforth,,male,1917-09-07,Australia
464,752,John E. Sulston,,male,1942-03-27,United Kingdom
465,288,John E. Walker,,male,1941-01-07,United Kingdom
466,356,John F. Enders,,male,1897-02-10,USA
467,712,John F. Nash Jr.,,male,1928-06-13,USA
468,605,John Galsworthy,,male,1867-08-14,United Kingdom
469,205,John H. Northrop,,male,1891-07-05,USA
470,109,John H. van Vleck,,male,1899-03-13,USA
471,566,John Hume,,male,1937-01-18,Northern Ireland
472,792,John L. Hall,,male,1934-08-21,USA
473,314,John Macleod,,male,1876-09-06,Scotland
474,903,John O'Keefe,,male,1939-11-18,USA
475,291,John Pople,,male,1925-10-31,United Kingdom
476,681,John R. Hicks,,male,1904-04-08,United Kingdom
477,507,John R. Mott,,male,1865-05-25,USA
478,427,John R. Vane,,male,1927-03-29,United Kingdom
479,634,John Steinbeck,,male,1902-02-27,USA
480,574,José Echegaray,,male,1832-04-19,Spain
481,563,José Ramos-Horta,,male,1949-12-26,East Timor
482,675,José Saramago,,male,1922-11-16,Portugal
483,664,Joseph Brodsky,,male,1940-05-24,USSR
484,442,Joseph E. Murray,,male,1919-04-01,USA
485,746,Joseph E. Stiglitz,,male,1943-02-09,USA
486,337,Joseph Erlanger,,male,1874-01-05,USA
487,144,Joseph H. Taylor Jr.,,male,1941-03-29,USA
488,433,Joseph L. Goldstein,,male,1940-04-18,USA
489,560,Joseph Rotblat,,male,1908-11-04,Russian Empire
490,366,Joshua Lederberg,,male,1925-05-23,USA
491,934,Juan Manuel Santos,,male,1951-08-10,Colombia
492,627,Juan Ramón Jiménez,,male,1881-12-24,Spain
493,862,Jules A. Hoffmann,,male,1941-08-02,Luxembourg
494,309,Jules Bordet,,male,1870-06-13,Belgium
495,85,Julian Schwinger,,male,1918-02-12,USA
496,396,Julius Axelrod,,male,1912-05-30,USA
497,317,Julius Wagner-Jauregg,,male,1857-03-07,Austria
498,131,K. Alex Müller,,male,1927-04-20,Switzerland
499,120,Kai M. Siegbahn,,male,1918-04-20,Sweden
500,913,Kailash Satyarthi,,male,1954-01-11,India
501,586,Karl Gjellerup,,male,1857-06-02,Denmark
502,321,Karl Landsteiner,,male,1868-06-14,Austrian Empire
503,400,Karl von Frisch,,male,1886-11-20,Austria
504,228,Karl Ziegler,,male,1898-11-26,Germany
505,278,Kary B. Mullis,,male,1944-12-28,USA
506,947,Kazuo Ishiguro,,male,1954-11-08,Japan
507,386,Keffer Hartline,,male,1903-12-22,USA
508,257,Kenichi Fukui,,male,1918-10-04,Japan
509,121,Kenneth G. Wilson,,male,1936-06-08,USA
510,682,Kenneth J. Arrow,,male,1921-08-23,USA
511,671,Kenzaburo Oe,,male,1935-01-31,Japan
512,725,Kim Dae-jung,,male,1925-12-03,Korea
513,943,Kip S. Thorne,,male,1940-06-01,USA
514,473,Klas Pontus Arnoldson,,male,1844-10-27,Sweden
515,126,Klaus von Klitzing,,male,1943-06-28,German-occupied Poland
516,589,Knut Hamsun,,male,1859-08-04,Norway
517,749,Kofi Annan,,male,1938-04-08,Gold Coast
518,757,Koichi Tanaka,,male,1959-08-03,Japan
519,378,Konrad Bloch,,male,1912-01-21,Germany
520,401,Konrad Lorenz,,male,1903-11-07,Austria
521,850,Konstantin Novoselov,,male,1974-08-23,Russia
522,211,Kurt Alder,,male,1902-07-10,Prussia
523,758,Kurt Wüthrich,,male,1938-10-04,Switzerland
524,236,Lars Onsager,,male,1903-11-27,Norway
525,895,Lars Peter Hansen,,male,1952-10-26,USA
526,21,Lawrence Bragg,,male,1890-03-31,Australia
527,694,Lawrence R. Klein,,male,1920-09-14,USA
528,531,Le Duc Tho ,,male,1911-10-14,Vietnam
529,523,League of Red Cross Societies,League of Red Cross Societies,,,
530,545,Lech Walesa,,male,1943-09-29,Poland
531,735,Leland Hartwell,,male,1939-10-30,USA
532,97,Leo Esaki,,male,1925-03-12,Japan
533,484,Léon Bourgeois,,male,1851-05-21,France
534,512,Léon Jouhaux,,male,1879-07-01,France
535,132,Leon M. Lederman,,male,1922-07-15,USA
536,95,Leon N. Cooper,,male,1930-02-28,USA
537,820,Leonid Hurwicz,,male,1917-08-21,Russia
538,686,Leonid Vitaliyevich Kantorovich,,male,1912-01-19,Russian Empire
539,200,Leopold Ruzicka,,male,1887-09-13,Austria-Hungary
540,516,Lester Bowles Pearson,,male,1897-04-23,Canada
541,77,Lev Landau,,male,1908-01-22,Russian Empire
542,870,Leymah Gbowee,,female,1972-02-01,Liberia
543,775,Linda B. Buck,,female,1947-01-29,USA
544,217,Linus Pauling,,male,1901-02-28,USA
545,855,Liu Xiaobo,,male,1955-12-28,China
546,883,Lloyd S. Shapley,,male,1923-06-02,USA
547,510,Lord Boyd Orr,,male,1880-09-23,Scotland
548,8,Lord Rayleigh,,male,1842-11-12,United Kingdom
549,221,Lord Todd,,male,1907-10-02,Scotland
550,36,Louis de Broglie,,male,1892-08-15,France
551,459,Louis J. Ignarro,,male,1941-05-31,USA
552,92,Louis Néel,,male,1904-11-22,France
553,472,Louis Renault,,male,1843-05-21,France
554,825,Luc Montagnier,,male,1932-08-18,France
555,493,Ludwig Quidde,,male,1858-03-23,Germany
556,607,Luigi Pirandello,,male,1867-06-28,Italy
557,89,Luis Alvarez,,male,1911-06-13,USA
558,239,Luis Leloir,,male,1906-09-06,France
559,977,M. Stanley Whittingham,,male,1941-12-22,United Kingdom
560,536,Mairead Corrigan,,female,1944-01-27,Northern Ireland
561,827,Makoto Kobayashi,,male,1944-04-07,Japan
562,914,Malala Yousafzai,,female,1997-07-12,Pakistan
563,233,Manfred Eigen,,male,1927-05-09,Germany
564,29,Manne Siegbahn,,male,1886-12-03,Sweden
565,79,Maria Goeppert Mayer,,female,1906-06-28,Germany
566,6,Marie Curie,,female,1867-11-07,Russian Empire
567,282,Mario J. Molina,,male,1943-03-19,Mexico
568,811,Mario R. Capecchi,,male,1937-10-06,Italy
569,854,Mario Vargas Llosa,,male,1936-03-28,Peru
570,390,Marshall W. Nirenberg,,male,1927-04-10,USA
571,830,Martin Chalfie,,male,1947-01-15,USA
572,889,Martin Karplus,,male,1930-03-15,Austria
573,147,Martin L. Perl,,male,1927-06-24,USA
574,524,Martin Luther King Jr.,,male,1929-01-15,USA
575,451,Martin Rodbell,,male,1925-12-01,USA
576,100,Martin Ryle,,male,1918-09-27,United Kingdom
577,159,Martinus J.G. Veltman,,male,1931-06-27,the Netherlands
578,833,Martti Ahtisaari,,male,1937-06-23,Finland
579,754,Masatoshi Koshiba,,male,1926-09-19,Japan
580,702,Maurice Allais,,male,1911-05-31,France
581,581,Maurice Maeterlinck,,male,1862-08-29,Belgium
582,374,Maurice Wilkins,,male,1916-12-15,New Zealand
583,61,Max Born,,male,1882-12-11,Germany
584,391,Max Delbrück,,male,1906-09-04,Germany
585,226,Max F. Perutz,,male,1914-05-19,Austria
586,23,Max Planck,,male,1858-04-23,Schleswig
587,352,Max Theiler,,male,1899-01-30,South Africa
588,19,Max von Laue,,male,1879-10-09,Germany
589,904,May-Britt Moser,,female,1963-01-04,Norway
590,568,Médecins Sans Frontières,Médecins Sans Frontières,,,
591,225,Melvin Calvin,,male,1911-04-08,USA
592,133,Melvin Schwartz,,male,1932-11-02,USA
593,539,Menachem Begin,,male,1913-08-16,Russian Empire
594,705,Merton H. Miller,,male,1923-05-16,USA
595,984,Michael Kremer,,male,1964-11-12,USA
596,890,Michael Levitt,,male,1947-05-09,South Africa
597,939,Michael Rosbash,,male,1944-03-07,USA
598,432,Michael S. Brown,,male,1941-04-13,USA
599,279,Michael Smith,,male,1932-04-26,United Kingdom
600,940,Michael W. Young,,male,1949-03-28,USA
601,974,Michel Mayor,,male,1942-01-12,Switzerland
602,641,Miguel Angel Asturias,,male,1899-10-19,Guatemala
603,552,Mikhail Gorbachev,,male,1931-03-02,USSR
604,638,Mikhail Sholokhov,,male,1905-05-24,Russia
605,688,Milton Friedman,,male,1912-07-31,USA
606,880,Mo Yan,,male,1955-02-02,China
607,798,Mohamed ElBaradei,,male,1942-06-17,Egypt
608,540,Mother Teresa ,,female,1910-08-26,Ottoman Empire
609,809,Muhammad Yunus,,male,1940-06-28,British India
610,90,Murray Gell-Mann,,male,1929-09-15,USA
611,718,Myron Scholes,,male,1941-07-01,Canada
612,967,Nadia Murad,,female,1993-00-00,Iraq
613,668,Nadine Gordimer,,female,1923-11-20,South Africa
614,665,Naguib Mahfouz,,male,1911-12-11,Egypt
615,503,Nansen International Office for Refugees,Nansen International Office for Refugees,,,
616,495,Nathan Söderblom,,male,1866-01-15,Sweden
617,925,National Dialogue Quartet ,National Dialogue Quartet ,,,
618,640,Nelly Sachs,,female,1891-12-10,Germany
619,555,Nelson Mandela,,male,1918-07-18,South Africa
620,497,Nicholas Murray Butler,,male,1862-04-02,USA
621,118,Nicolaas Bloembergen,,male,1920-03-11,the Netherlands
622,82,Nicolay G. Basov,,male,1922-12-14,USSR
623,27,Niels Bohr,,male,1885-10-07,Denmark
624,429,Niels K. Jerne,,male,1911-12-23,United Kingdom
625,295,Niels Ryberg Finsen,,male,1860-12-15,Faroe Islands (Denmark)
626,402,Nikolaas Tinbergen,,male,1907-04-15,the Netherlands
627,220,Nikolay Semenov,,male,1896-04-03,Russia
628,528,Norman Borlaug,,male,1914-03-25,USA
629,135,Norman F. Ramsey,,male,1915-08-27,USA
630,196,Norman Haworth,,male,1883-03-19,United Kingdom
631,667,Octavio Paz,,male,1914-03-31,Mexico
632,238,Odd Hassel,,male,1897-05-17,Norway
633,655,Odysseus Elytis,,male,1911-11-02,Crete
634,515,Office of the United Nations High Commissioner for Refugees,Office of the United Nations High Commissioner for Refugees,,,
635,979,Olga Tokarczuk,,female,1962-01-29,Poland
636,847,Oliver E. Williamson,,male,1932-09-27,USA
637,935,Oliver Hart,,male,1948-10-09,United Kingdom
638,813,Oliver Smithies,,male,1925-06-23,United Kingdom
639,893,Organisation for the Prohibition of Chemical Weapons,Organisation for the Prohibition of Chemical Weapons,,,
640,808,Orhan Pamuk,,male,1952-06-07,Turkey
641,829,Osamu Shimomura,,male,1928-08-27,Japan
642,549,Oscar Arias Sánchez,,male,1940-09-13,Costa Rica
643,210,Otto Diels,,male,1876-01-23,Germany
644,202,Otto Hahn,,male,1879-03-08,Germany
645,331,Otto Loewi,,male,1873-06-03,Germany
646,312,Otto Meyerhof,,male,1884-04-12,Germany
647,48,Otto Stern,,male,1888-02-17,Germany
648,169,Otto Wallach,,male,1847-03-27,Germany
649,322,Otto Warburg,,male,1883-10-08,Germany
650,73,Owen Chamberlain,,male,1920-07-10,USA
651,35,Owen Willans Richardson,,male,1879-04-26,United Kingdom
652,645,Pablo Neruda,,male,1904-07-12,Chile
653,622,Pär Lagerkvist,,male,1891-05-23,Sweden
654,53,Patrick M.S. Blackett,,male,1897-11-18,United Kingdom
655,912,Patrick Modiano,,male,1945-07-30,France
656,648,Patrick White,,male,1912-05-28,United Kingdom
657,679,Paul A. Samuelson,,male,1915-05-15,USA
658,40,Paul A.M. Dirac,,male,1902-08-08,United Kingdom
659,254,Paul Berg,,male,1926-06-30,USA
660,764,Paul C. Lauterbur,,male,1929-05-06,USA
661,287,Paul D. Boyer,,male,1918-07-31,USA
662,302,Paul Ehrlich,,male,1854-03-14,Prussia
663,723,Paul Greengard,,male,1925-12-11,USA
664,476,Paul Henri d'Estournelles de Constant,,male,1852-11-22,France
665,580,Paul Heyse,,male,1830-03-15,Prussia
666,281,Paul J. Crutzen,,male,1933-12-03,the Netherlands
667,246,Paul J. Flory,,male,1910-06-19,USA
668,197,Paul Karrer,,male,1889-04-21,Russia
669,834,Paul Krugman,,male,1953-02-28,USA
670,969,Paul M. Romer,,male,1955-00-00,USA
671,922,Paul Modrich,,male,1946-06-13,USA
672,346,Paul Müller,,male,1899-01-12,Switzerland
673,173,Paul Sabatier,,male,1854-11-05,France
674,70,Pavel A. Cherenkov,,male,1904-07-28,Russia
675,610,Pearl Buck,,female,1892-06-26,USA
676,51,Percy W. Bridgman,,male,1882-04-21,USA
677,477,Permanent International Peace Bureau,Permanent International Peace Bureau,,,
678,856,Peter A. Diamond,,male,1940-04-29,USA
679,769,Peter Agre,,male,1949-01-30,USA
680,455,Peter C. Doherty,,male,1940-10-15,Australia
681,195,Peter Debye,,male,1884-03-24,the Netherlands
682,815,Peter Grünberg,,male,1939-05-18,Czechoslovakia
683,980,Peter Handke,,male,1942-12-06,Austria
684,888,Peter Higgs,,male,1929-05-29,United Kingdom
685,370,Peter Medawar,,male,1915-02-28,Brazil
686,251,Peter Mitchell,,male,1920-09-29,United Kingdom
687,383,Peyton Rous,,male,1879-10-05,USA
688,518,Philip Noel-Baker,,male,1889-11-01,United Kingdom
689,351,Philip S. Hench,,male,1896-02-28,USA
690,107,Philip W. Anderson,,male,1923-12-13,USA
691,9,Philipp Lenard,,male,1862-06-07,Hungary
692,449,Phillip A. Sharp,,male,1944-06-06,USA
693,5,Pierre Curie,,male,1859-05-15,France
694,141,Pierre-Gilles de Gennes,,male,1932-10-24,France
695,3,Pieter Zeeman,,male,1865-05-25,the Netherlands
696,64,Polykarp Kusch,,male,1911-01-26,Germany
697,561,Pugwash Conferences on Science and World Affairs,Pugwash Conferences on Science and World Affairs,,,
698,110,Pyotr Kapitsa,,male,1894-07-09,Russian Empire
699,583,Rabindranath Tagore,,male,1861-05-07,India
700,677,Ragnar Frisch,,male,1895-03-03,Norway
701,385,Ragnar Granit,,male,1900-10-30,Russian Empire
702,941,Rainer Weiss,,male,1932-09-29,Germany
703,511,Ralph Bunche,,male,1904-08-07,USA
704,863,Ralph M. Steinman,,male,1943-01-14,Canada
705,466,Randal Cremer,,male,1828-03-18,United Kingdom
706,885,Randy W. Schekman,,male,1948-12-30,USA
707,753,Raymond Davis Jr.,,male,1914-10-14,USA
708,713,Reinhard Selten,,male,1930-10-05,Germany
709,407,Renato Dulbecco,,male,1914-02-22,Italy
710,526,René Cassin,,male,1887-10-05,France
711,755,Riccardo Giacconi,,male,1931-10-06,Italy
712,774,Richard Axel,,male,1946-07-02,USA
713,286,Richard E. Smalley,,male,1943-06-06,USA
714,140,Richard E. Taylor,,male,1929-11-02,Canada
715,851,Richard F. Heck,,male,1931-08-15,USA
716,949,Richard H. Thaler,,male,1945-09-12,USA
717,946,Richard Henderson,,male,1945-07-19,Scotland
718,448,Richard J. Roberts,,male,1943-09-06,United Kingdom
719,198,Richard Kuhn,,male,1900-12-03,Austria-Hungary
720,215,Richard L.M. Synge,,male,1914-10-28,United Kingdom
721,86,Richard P. Feynman,,male,1918-05-11,USA
722,276,Richard R. Ernst,,male,1933-08-14,Switzerland
723,796,Richard R. Schrock,,male,1945-01-04,USA
724,698,Richard Stone,,male,1913-08-30,United Kingdom
725,176,Richard Willstätter,,male,1872-08-13,Germany
726,182,Richard Zsigmondy,,male,1865-04-01,Austrian Empire
727,554,Rigoberta Menchú Tum,,female,1959-01-09,Guatemala
728,435,Rita Levi-Montalcini,,female,1909-04-22,Italy
729,258,Roald Hoffmann,,male,1937-07-18,Poland
730,28,Robert A. Millikan,,male,1868-03-22,USA
731,155,Robert B. Laughlin,,male,1950-11-01,USA
732,231,Robert B. Woodward,,male,1917-04-10,USA
733,308,Robert Bárány,,male,1876-04-22,Austria
734,717,Robert C. Merton,,male,1944-07-31,USA
735,151,Robert C. Richardson,,male,1937-06-26,USA
736,502,"Robert Cecil, Viscount Cecil of Chelwood",,male,1864-09-14,United Kingdom
737,714,Robert E. Lucas Jr.,,male,1937-09-15,USA
738,284,Robert F. Curl Jr.,,male,1933-08-23,USA
739,771,Robert F. Engle III,,male,1942-11-10,USA
740,458,Robert F. Furchgott,,male,1916-06-04,USA
741,848,Robert G. Edwards,,male,1925-09-27,United Kingdom
742,795,Robert H. Grubbs,,male,1942-02-27,USA
743,75,Robert Hofstadter,,male,1915-02-05,USA
744,271,Robert Huber,,male,1937-02-20,Germany
745,799,Robert J. Aumann,,male,1930-06-08,Germany
746,878,Robert J. Lefkowitz,,male,1943-04-15,USA
747,896,Robert J. Shiller,,male,1946-03-29,USA
748,297,Robert Koch,,male,1843-12-11,Germany
749,701,Robert M. Solow,,male,1924-08-23,USA
750,720,Robert Mundell,,male,1932-10-24,Canada
751,232,Robert S. Mulliken,,male,1896-06-07,USA
752,96,Robert Schrieffer,,male,1931-05-31,USA
753,709,Robert W. Fogel,,male,1927-07-01,USA
754,388,Robert W. Holley,,male,1922-01-28,USA
755,112,Robert Woodrow Wilson,,male,1936-01-10,USA
756,770,Roderick MacKinnon,,male,1956-02-19,USA
757,399,Rodney R. Porter,,male,1917-10-08,United Kingdom
758,822,Roger B. Myerson,,male,1951-03-29,USA
759,806,Roger D. Kornberg,,male,1947-04-24,USA
760,411,Roger Guillemin,,male,1924-01-11,France
761,609,Roger Martin du Gard,,male,1881-03-23,France
762,422,Roger W. Sperry,,male,1913-08-20,USA
763,831,Roger Y. Tsien,,male,1952-02-01,USA
764,456,Rolf M. Zinkernagel,,male,1944-01-06,Switzerland
765,584,Romain Rolland,,male,1866-01-29,France
766,234,Ronald G.W. Norrish,,male,1897-11-09,United Kingdom
767,707,Ronald H. Coase,,male,1910-12-29,United Kingdom
768,294,Ronald Ross,,male,1857-05-13,India
769,413,Rosalyn Yalow,,female,1921-07-19,USA
770,791,Roy J. Glauber,,male,1925-09-01,USA
771,578,Rudolf Eucken,,male,1846-01-05,East Friesland
772,76,Rudolf Mössbauer,,male,1929-01-31,Germany
773,277,Rudolph A. Marcus,,male,1923-07-21,Canada
774,577,Rudyard Kipling,,male,1865-12-30,British India
775,143,Russell A. Hulse,,male,1950-11-28,USA
776,742,Ryoji Noyori,,male,1938-09-03,Japan
777,631,Saint-John Perse,,male,1887-05-31,Guadeloupe Island
778,393,Salvador E. Luria,,male,1912-08-13,Italy
779,630,Salvatore Quasimodo,,male,1901-08-20,Italy
780,643,Samuel Beckett,,male,1906-04-13,Ireland
781,106,Samuel C.C. Ting,,male,1936-01-27,USA
782,299,Santiago Ramón y Cajal,,male,1852-05-01,Spain
783,917,Satoshi &#332;mura,,male,1935-07-12,Japan
784,652,Saul Bellow,,male,1915-06-10,Canada
785,864,Saul Perlmutter,,male,1959-00-00,USA
786,672,Seamus Heaney,,male,1939-04-13,Northern Ireland
787,532,Seán MacBride,,male,1904-01-26,France
788,579,Selma Lagerlöf,,female,1858-11-20,Sweden
789,353,Selman A. Waksman,,male,1888-07-22,Russian Empire
790,876,Serge Haroche,,male,1944-09-11,Morocco
791,367,Severo Ochoa,,male,1905-09-24,Spain
792,113,Sheldon Glashow,,male,1932-12-05,USA
793,558,Shimon Peres,,male,1923-08-16,Poland
794,875,Shinya Yamanaka,,male,1962-09-04,Japan
795,773,Shirin Ebadi,,female,1947-06-21,Iran
796,639,Shmuel Agnon,,male,1888-07-17,Austria-Hungary
797,908,Shuji Nakamura,,male,1954-05-22,Japan
798,273,Sidney Altman,,male,1939-05-07,Canada
799,601,Sigrid Undset,,female,1882-05-20,Denmark
800,680,Simon Kuznets,,male,1901-04-30,Russian Empire
801,125,Simon van der Meer,,male,1925-11-24,the Netherlands
802,84,Sin-Itiro Tomonaga,,male,1906-03-31,Japan
803,603,Sinclair Lewis,,male,1885-02-07,USA
804,339,Sir Alexander Fleming,,male,1881-08-06,Scotland
805,693,Sir Arthur Lewis,,male,1915-01-23,British West Indies
806,488,Sir Austen Chamberlain,,male,1863-10-16,United Kingdom
807,394,Sir Bernard Katz,,male,1911-03-26,Germany
808,37,Sir Chandrasekhara Venkata Raman,,male,1888-11-07,India
809,323,Sir Charles Sherrington,,male,1857-11-27,United Kingdom
810,219,Sir Cyril Hinshelwood,,male,1897-05-19,United Kingdom
811,369,Sir Frank Macfarlane Burnet,,male,1899-09-03,Australia
812,320,Sir Frederick Hopkins,,male,1861-06-20,United Kingdom
813,965,Sir Gregory P. Winter,,male,1951-04-14,United Kingdom
814,285,Sir Harold Kroto,,male,1939-10-07,United Kingdom
815,330,Sir Henry Dale,,male,1875-06-09,United Kingdom
816,341,Sir Howard Florey,,male,1898-09-24,Australia
817,932,Sir J. Fraser Stoddart,,male,1942-05-24,United Kingdom
818,437,Sir James W. Black,,male,1924-06-14,Scotland
819,874,Sir John B. Gurdon,,male,1933-10-02,United Kingdom
820,375,Sir John Eccles,,male,1903-01-27,Australia
821,812,Sir Martin J. Evans,,male,1941-01-01,United Kingdom
822,108,Sir Nevill F. Mott,,male,1905-09-30,United Kingdom
823,498,Sir Norman Angell,,male,1872-12-26,United Kingdom
824,737,Sir Paul Nurse,,male,1949-01-25,United Kingdom
825,971,Sir Peter J. Ratcliffe,,male,1954-05-14,United Kingdom
826,765,Sir Peter Mansfield,,male,1933-10-09,United Kingdom
827,207,Sir Robert Robinson,,male,1886-09-13,United Kingdom
828,163,Sir William Ramsay,,male,1852-10-02,Scotland
829,242,Stanford Moore,,male,1913-09-04,USA
830,457,Stanley B. Prusiner,,male,1942-05-28,USA
831,434,Stanley Cohen,,male,1922-11-17,USA
832,910,Stefan W. Hell,,male,1962-12-23,Romania
833,152,Steven Chu,,male,1948-02-28,USA
834,115,Steven Weinberg,,male,1933-05-03,USA
835,122,Subramanyan Chandrasekhar,,male,1910-10-19,India
836,569,Sully Prudhomme,,male,1839-03-16,France
837,425,Sune K. Bergström,,male,1916-01-10,Sweden
838,436,Susumu Tonegawa,,male,1939-09-05,Japan
839,162,Svante Arrhenius,,male,1859-02-19,Sweden
840,924,Svetlana Alexievich,,female,1948-05-31,Ukraine
841,750,Sydney Brenner,,male,1927-01-13,South Africa
842,619,T.S. Eliot,,male,1888-09-26,USA
843,350,Tadeus Reichstein,,male,1897-07-20,Poland
844,919,Takaaki Kajita,,male,1959-03-09,Japan
845,959,Tasuku Honjo,,male,1942-01-27,Japan
846,871,Tawakkol Karman,,female,1979-02-07,Yemen
847,551,The 14th Dalai Lama ,,male,1935-07-06,Tibet
848,183,The Svedberg,,male,1884-08-30,Sweden
849,303,Theodor Kocher,,male,1841-08-25,Switzerland
850,571,Theodor Mommsen,,male,1817-11-30,Schleswig
851,793,Theodor W. Hänsch,,male,1941-10-30,Germany
852,470,Theodore Roosevelt,,male,1858-10-27,USA
853,175,Theodore W. Richards,,male,1868-01-31,USA
854,692,Theodore W. Schultz,,male,1902-04-30,USA
855,842,Thomas A. Steitz,,male,1940-08-23,USA
856,800,Thomas C. Schelling,,male,1921-04-14,USA
857,886,Thomas C. Südhof,,male,1955-12-22,Germany
858,325,Thomas H. Morgan,,male,1866-09-25,USA
859,357,Thomas H. Weller,,male,1915-06-15,USA
860,872,Thomas J. Sargent,,male,1943-07-19,USA
861,602,Thomas Mann,,male,1875-06-06,Germany
862,274,Thomas R. Cech,,male,1947-12-08,USA
863,736,Tim Hunt,,male,1943-02-19,United Kingdom
864,687,Tjalling C. Koopmans,,male,1910-08-28,the Netherlands
865,478,Tobias Asser,,male,1838-04-28,the Netherlands
866,921,Tomas Lindahl,,male,1938-01-28,Sweden
867,868,Tomas Tranströmer,,male,1931-04-15,Sweden
868,670,Toni Morrison,,female,1931-02-18,USA
869,424,Torsten N. Wiesel,,male,1924-06-03,Sweden
870,828,Toshihide Maskawa,,male,1940-02-07,Japan
871,703,Trygve Haavelmo,,male,1911-12-13,Norway
872,69,Tsung-Dao Lee,,male,1926-11-24,China
873,918,Tu Youyou,,female,1930-12-30,China
874,395,Ulf von Euler,,male,1905-02-07,Sweden
875,748,United Nations,United Nations,,,
876,525,United Nations Children's Fund,United Nations Children's Fund,,,
877,550,United Nations Peacekeeping Forces,United Nations Peacekeeping Forces,,,
878,747,V. S. Naipaul,,male,1932-08-17,Trinidad and Tobago
879,117,Val Fitch,,male,1923-03-10,USA
880,841,Venkatraman Ramakrishnan,,male,1952-00-00,India
881,585,Verner von Heidenstam,,male,1859-07-06,Sweden
882,760,Vernon L. Smith,,male,1927-01-01,USA
883,653,Vicente Aleixandre,,male,1898-04-26,Spain
884,42,Victor F. Hess,,male,1883-06-24,Austria
885,172,Victor Grignard,,male,1871-05-06,France
886,218,Vincent du Vigneaud,,male,1901-05-18,USA
887,767,Vitaly L. Ginzburg,,male,1916-10-04,Russia
888,248,Vladimir Prelog,,male,1906-07-23,Austria-Hungary
889,255,Walter Gilbert,,male,1932-03-21,USA
890,67,Walter H. Brattain,,male,1902-02-10,China
891,347,Walter Hess,,male,1881-03-17,Switzerland
892,290,Walter Kohn,,male,1923-03-09,Austria
893,62,Walther Bothe,,male,1891-01-08,Germany
894,178,Walther Nernst,,male,1864-06-25,Prussia
895,783,Wangari Maathai,,female,1940-04-01,Kenya
896,683,Wassily Leontief,,male,1906-08-05,Russia
897,206,Wendell M. Stanley,,male,1904-08-16,USA
898,414,Werner Arber,,male,1929-06-03,Switzerland
899,361,Werner Forssmann,,male,1904-08-29,Germany
900,38,Werner Heisenberg,,male,1901-12-05,Germany
901,1,Wilhelm Conrad Röntgen,,male,1845-03-27,Prussia
902,168,Wilhelm Ostwald,,male,1853-09-02,Russian Empire
903,16,Wilhelm Wien,,male,1864-01-13,Prussia
904,224,Willard F. Libby,,male,1908-12-17,USA
905,839,Willard S. Boyle,,male,1924-08-19,Canada
906,315,Willem Einthoven,,male,1860-05-21,"Java, Dutch East Indies"
907,123,William A. Fowler,,male,1911-08-09,USA
908,65,William B. Shockley,,male,1910-02-13,United Kingdom
909,20,William Bragg,,male,1862-07-02,United Kingdom
910,593,William Butler Yeats,,male,1865-06-13,Ireland
911,916,William C. Campbell,,male,1930-06-28,Ireland
912,968,William D. Nordhaus,,male,1941-05-31,USA
913,154,William D. Phillips,,male,1948-11-05,USA
914,911,William E. Moerner,,male,1953-06-24,USA
915,209,William F. Giauque,,male,1895-05-12,Canada
916,706,William F. Sharpe,,male,1934-06-16,USA
917,620,William Faulkner,,male,1897-09-25,USA
918,970,William G. Kaelin Jr,,male,1957-11-23,USA
919,660,William Golding,,male,1911-09-19,United Kingdom
920,243,William H. Stein,,male,1911-06-25,USA
921,741,William Knowles,,male,1917-06-01,USA
922,249,William Lipscomb,,male,1919-12-09,USA
923,328,William P. Murphy,,male,1892-02-06,USA
924,716,William Vickrey,,male,1914-06-21,Canada
925,63,Willis E. Lamb,,male,1913-07-12,USA
926,529,Willy Brandt,,male,1913-12-18,Germany
927,624,Winston Churchill,,male,1874-11-30,United Kingdom
928,673,Wislawa Szymborska,,female,1923-07-02,Poland
929,594,Wladyslaw Reymont,,male,1867-05-07,Russian Empire
930,663,Wole Soyinka,,male,1934-07-13,Nigeria
931,739,Wolfgang Ketterle,,male,1957-10-21,West Germany
932,137,Wolfgang Paul,,male,1913-08-10,Germany
933,50,Wolfgang Pauli,,male,1900-04-25,Austria
934,483,Woodrow Wilson,,male,1856-12-28,USA
935,557,Yasser Arafat,,male,1929-08-24,Egypt
936,642,Yasunari Kawabata,,male,1899-06-11,Japan
937,559,Yitzhak Rabin,,male,1922-03-01,British Mandate of Palestine
938,826,Yoichiro Nambu,,male,1921-01-18,Japan
939,927,Yoshinori Ohsumi,,male,1945-02-09,Japan
940,265,Yuan T. Lee,,male,1936-11-19,Taiwan
941,794,Yves Chauvin,,male,1930-10-10,Belgium
942,726,Zhores Alferov,,male,1930-03-15,USSR
